"#1 • Itoen Unsweetened Green Tea, 67.6-Ounce (Pack of 6)",https://bid.onlineliquidationauction.com/bid/103023?item=12325605&section=auction,https://s3.amazonaws.com/bwpaperclip-production/item_images/assets/054/946/550/web_small/RackMultipart20230620-4355-tzhq2v?1687300720,"06/23/2023, 12:00:30",5.0,66.48,Best By: JUL 18 2023
"#2 • Auto Ventshade AVS 25402 Bugflector II Dark Smoke Hood Shield for 2004-2015 Nissan Titan, 2005-2015 Armada",https://bid.onlineliquidationauction.com/bid/103023?item=12325606&section=auction,https://s3.amazonaws.com/bwpaperclip-production/item_images/assets/054/946/552/web_small/RackMultipart20230620-8266-18kyxtg?1687300722,"06/23/2023, 12:00:30",1.0,37.02,New
"#6 • 31 Inch Electric Fireplace, Sixfivsevn Wall Mounted Fireplace Inserts, Mirrored & Recessed Fireplace Heater with Adjustable Flame Colors, Bracket,",https://bid.onlineliquidationauction.com/bid/103023?item=12325607&section=auction,https://s3.amazonaws.com/bwpaperclip-production/item_images/assets/054/946/554/web_small/RackMultipart20230620-4058-18smw4m?1687300723,"06/23/2023, 12:00:30",46.0,129.99,"Open Box, Used"
"#10 • Laser Printer with WiFi Wireless NFC Duplex Two-Sided Black and White Monochrome Printing for Home Office School Student (35PPM, L2350DW-W2U36A)",https://bid.onlineliquidationauction.com/bid/103023?item=12325624&section=auction,https://s3.amazonaws.com/bwpaperclip-production/item_images/assets/054/946/594/web_small/RackMultipart20230620-4116-1vwlasv?1687300751,"06/23/2023, 12:01:30",30.0,179.99,New
"#13 • Great River Organic Milling, Oatmeal, Regular Rolled Oats, Organic, 25-Pounds (Pack of 1)",https://bid.onlineliquidationauction.com/bid/103023?item=12325627&section=auction,https://s3.amazonaws.com/bwpaperclip-production/item_images/assets/054/946/606/web_small/RackMultipart20230620-27234-10whi2e?1687300755,"06/23/2023, 12:02:30",6.0,93.89,Best by6/10/23
#17 • ARIES 2055075 Replacement 75-Inch AdvantEDGE Running Board Step Pad,https://bid.onlineliquidationauction.com/bid/103023?item=12325628&section=auction,https://s3.amazonaws.com/bwpaperclip-production/item_images/assets/054/946/608/web_small/RackMultipart20230620-14231-qgsbkt?1687300757,"06/23/2023, 12:02:30",1.0,29.17,"Open box, like new"
"#21 • SZSKYING Gaming PC Case with 10PCS Fans ARGB,Computer Tower Case Airflow 3.0 USB,Tempered Glass Panel Control Remote Black.",https://bid.onlineliquidationauction.com/bid/103023?item=12325614&section=auction,https://s3.amazonaws.com/bwpaperclip-production/item_images/assets/054/946/571/web_small/RackMultipart20230620-8684-1evzvkh?1687300734,"06/23/2023, 12:03:30",50.0,169.99,"Open Box, Like New"
"#25 • Mom's Choice Award Winner-BABELIO 29-40\"" Metal Baby Gate with Brown Wood Pattern, Easy Install Pressure Mounted Dog Gate, Ideal for Stairs and Doorways, with Wall Protectors and Extenders",https://bid.onlineliquidationauction.com/bid/103023?item=12325610&section=auction,https://s3.amazonaws.com/bwpaperclip-production/item_images/assets/054/946/561/web_small/RackMultipart20230620-27415-15p6dfj?1687300728,"06/23/2023, 12:04:30",18.0,104.99,"Open box, like new"
"#28 • Sunnyglade 33"" x 33"" Offset Patio Umbrella Base Sand/Water Filled Square Umbrella Stand with Wheels",https://bid.onlineliquidationauction.com/bid/103023?item=12325618&section=auction,https://s3.amazonaws.com/bwpaperclip-production/item_images/assets/054/946/580/web_small/RackMultipart20230620-13544-82ltvd?1687300740,"06/23/2023, 12:04:30",23.0,179.99,"Open Box, Like New"
"#32 • Rugged Ridge 18040.50 Steering Stabilizer Bracket for Rugged Ridge Kits 18050.82/18050.83, Black, Silver",https://bid.onlineliquidationauction.com/bid/103023?item=12325622&section=auction,https://s3.amazonaws.com/bwpaperclip-production/item_images/assets/054/946/589/web_small/RackMultipart20230620-4116-1x1xchz?1687300748,"06/23/2023, 12:05:30",1.0,48.65,"Open box, like new"
#36 • NZXT Kraken Z63 RGB 280mm - RL-KRZ63-R1 - AIO RGB CPU Liquid Cooler - Customizable LCD Display - Improved Pump - Powered by CAM V4 - RGB Connector - Aer RGB 2 140mm Radiator Fans (2 Included),https://bid.onlineliquidationauction.com/bid/103023?item=12325632&section=auction,https://s3.amazonaws.com/bwpaperclip-production/item_images/assets/054/946/623/web_small/RackMultipart20230620-9703-1lf9dwo?1687300763,"06/23/2023, 12:05:30",40.0,389.61,"Open Box, Like New"
#39 • Excellent Elite Spanker Tactical Dog Vest Training Military Patrol K9 Service Dog Harness Adjustable Nylon Dog Harness with Handle(Brown-L),https://bid.onlineliquidationauction.com/bid/103023?item=12325637&section=auction,https://s3.amazonaws.com/bwpaperclip-production/item_images/assets/054/946/634/web_small/RackMultipart20230620-31262-lfkbqd?1687300771,"06/23/2023, 12:06:30",2.0,28.15,"Open box, like new"
"#43 • Hanes Mens Double Tough Socks, 12-pair Pack Crew Socks, White/Grey Foot Bottom, 6-12",https://bid.onlineliquidationauction.com/bid/103023?item=12325643&section=auction,https://s3.amazonaws.com/bwpaperclip-production/item_images/assets/054/946/647/web_small/RackMultipart20230620-4109-gfz9b7?1687300783,"06/23/2023, 12:07:30",7.0,14.98,"Open Box, Like New"
#45 • SUPERLIT Multi Car Retractable Backseat 3 in 1 Car Charging Station Box Compatible with All Phones | iPhone | Samsung | Uber Lyft Turo Ride Share Customer Charging Dock Attach to Headrest,https://bid.onlineliquidationauction.com/bid/103023?item=12325645&section=auction,https://s3.amazonaws.com/bwpaperclip-production/item_images/assets/054/946/657/web_small/RackMultipart20230620-6150-xjculs?1687300787,"06/23/2023, 12:07:30",5.0,30.99,"Open Box, Like New"
"#49 • Gymboree,Girls,and Toddler Special Occasion Dress,8,White Satin",https://bid.onlineliquidationauction.com/bid/103023?item=12325649&section=auction,https://s3.amazonaws.com/bwpaperclip-production/item_images/assets/054/946/670/web_small/RackMultipart20230620-9637-d7gwtk?1687300793,"06/23/2023, 12:08:30",4.0,59.97,"Open Box, Like New"
"#53 • Amazon Essentials Women's Performance Mid-Rise Capri Active Legging, Black, Small",https://bid.onlineliquidationauction.com/bid/103023?item=12325654&section=auction,https://s3.amazonaws.com/bwpaperclip-production/item_images/assets/054/946/693/web_small/RackMultipart20230620-4125-1qt06mm?1687300803,"06/23/2023, 12:08:30",2.0,13.52,"Open box, like new"
"#56 • NIKKY HOME Botanical Plant Prints Framed - 20\"" x 14\"" Fern Pictures Art Wall Decor - Vintage Look with Real Wood Frames",https://bid.onlineliquidationauction.com/bid/103023?item=12325657&section=auction,https://s3.amazonaws.com/bwpaperclip-production/item_images/assets/054/946/701/web_small/RackMultipart20230620-15240-ihhaww?1687300807,"06/23/2023, 12:09:30",15.0,39.99,"Open Box, Like New"
"#60 • Monster, Lo-carb Energy, 16 Fl Oz (pack of 24)",https://bid.onlineliquidationauction.com/bid/103023?item=12325661&section=auction,https://s3.amazonaws.com/bwpaperclip-production/item_images/assets/054/946/710/web_small/RackMultipart20230620-8529-pzv7ul?1687300814,"06/23/2023, 12:09:30",14.0,78.83,Best by 3/24
#64 • SOLO STOVE Stainless Steel Pizza Turner in Silver at Nordstrom,https://bid.onlineliquidationauction.com/bid/103023?item=12325665&section=auction,https://s3.amazonaws.com/bwpaperclip-production/item_images/assets/054/946/717/web_small/RackMultipart20230620-4070-qvvds?1687300820,"06/23/2023, 12:10:30",4.0,29.99,"Open box, like new"
#67 • Charmian Women's Solid Color Rhinestone Beaded Push Up Bra Studded Gem Clubwear Party Bustier Crop Top Silver X-Large,https://bid.onlineliquidationauction.com/bid/103023?item=12325668&section=auction,https://s3.amazonaws.com/bwpaperclip-production/item_images/assets/054/946/726/web_small/RackMultipart20230620-8414-k6mhtv?1687300825,"06/23/2023, 12:11:30",3.0,43.99,"Open Box, Like New"
#71 • Omelas Caramel Pumpkin Duvet Cover Full Size Burnt Orange Rust Modern Minimalist Style Solid Color Bedding Sets 3 Pieces Soft Microfiber Comforter Covers with Zipper Closure for Women Men,https://bid.onlineliquidationauction.com/bid/103023?item=12325672&section=auction,https://s3.amazonaws.com/bwpaperclip-production/item_images/assets/054/946/734/web_small/RackMultipart20230620-14289-1wjyagi?1687300831,"06/23/2023, 12:11:30",4.0,32.99,"Open Box, Like New"
"#75 • MOEN T62152 Brantford PosiTemp Pressure Balancing Shower Trim Kit Without Valve, Chrome",https://bid.onlineliquidationauction.com/bid/103023?item=12325676&section=auction,https://s3.amazonaws.com/bwpaperclip-production/item_images/assets/054/946/742/web_small/RackMultipart20230620-6150-dt05i7?1687300837,"06/23/2023, 12:12:30",3.0,48.55,"Open Box, Good"
"#79 • Mini Drone for Kids 8-12, Crash Proof LED Lights One Key Take Off Landing Flips RC Remote Control Small Drones Toys, Cool Toys Gifts for Boys Girls, Altitude Hold, 3D Flips, Headless Mode, 2 Batteries",https://bid.onlineliquidationauction.com/bid/103023?item=12325680&section=auction,https://s3.amazonaws.com/bwpaperclip-production/item_images/assets/054/946/751/web_small/RackMultipart20230620-4073-154q8ij?1687300843,"06/23/2023, 12:13:30",4.0,29.99,"Open Box, Like New"
#82 • Shoes Page-A-Day Gallery Calendar 2022 (Calendar),https://bid.onlineliquidationauction.com/bid/103023?item=12325683&section=auction,https://s3.amazonaws.com/bwpaperclip-production/item_images/assets/054/946/765/web_small/RackMultipart20230620-20593-1psnitj?1687300849,"06/23/2023, 12:13:30",1.0,13.5,"Open box, like new"
#80 • TruTread Pilates Socks with Grips for Women and Men - 6 Pairs Yoga Socks for Women | Yoga Socks for Men | Pure Barre Socks,https://bid.onlineliquidationauction.com/bid/103023?item=12325681&section=auction,https://s3.amazonaws.com/bwpaperclip-production/item_images/assets/054/946/753/web_small/RackMultipart20230620-23467-1ekanvw?1687300845,"06/23/2023, 12:13:30",8.0,17.95,New
#76 • Gexolenu 24 PCs Gold Glitter Class of 2023 Cutouts Tags Decorations Double Side 2023 Graduation Cutouts 2023 Graduation Centerpiece 2023 Decorations for Graduation Party Supplies Favor,https://bid.onlineliquidationauction.com/bid/103023?item=12325677&section=auction,https://s3.amazonaws.com/bwpaperclip-production/item_images/assets/054/986/554/web_small/RackMultipart20230621-7579-1gnrm9f?1687371616,"06/23/2023, 12:12:30",1.0,10.99,"Open Box, Like New"
"#68 • Skip Hop Booster Seat for Dining Table, Sleek Seat Booster, Grey/White",https://bid.onlineliquidationauction.com/bid/103023?item=12325669&section=auction,https://s3.amazonaws.com/bwpaperclip-production/item_images/assets/054/946/728/web_small/RackMultipart20230620-1573-1j3njih?1687300826,"06/23/2023, 12:11:30",8.0,36.0,"Open box, good"
#66 • PUMIEY Long Sleeve Bodysuit For Women Sexy Crew Neck Tops Body Suits Women Clothing Jet Black X-Small,https://bid.onlineliquidationauction.com/bid/103023?item=12325667&section=auction,https://s3.amazonaws.com/bwpaperclip-production/item_images/assets/054/946/724/web_small/RackMultipart20230620-4092-pdcho9?1687300824,"06/23/2023, 12:10:30",3.0,30.99,"Open Box, Like New"
"#59 • Motorcycle Grips 7/8\"" 22mm Universal Non Slip Handlebar Grips Aluminum Handle Grips for Suzuki GSXR 125 150 600 750 1000 (Black)",https://bid.onlineliquidationauction.com/bid/103023?item=12325660&section=auction,https://s3.amazonaws.com/bwpaperclip-production/item_images/assets/054/946/708/web_small/RackMultipart20230620-14955-1x3c5ot?1687300812,"06/23/2023, 12:09:30",1.0,19.98,"Open Box, Good"
"#58 • AmazingCosmetics Line Smoother Primer, Lightweight, Long Lasting, Hydrates, Smooths, Fills in Pores and Fine Lines, Natural Satin Finish, Vegan",https://bid.onlineliquidationauction.com/bid/103023?item=12325659&section=auction,https://s3.amazonaws.com/bwpaperclip-production/item_images/assets/054/946/707/web_small/RackMultipart20230620-4097-hr7gu7?1687300810,"06/23/2023, 12:09:30",5.0,28.77,"Open box, good"
"#62 • COOLJOB 2 Pairs Breathable Modal Gardening Work Gloves for Women, Natural Soft Stretch Base with Anti-slip Rubber Coating, Palm Dipped Gloves for Lawn Yard Patio Garden Workers, Green Yellow, Small",https://bid.onlineliquidationauction.com/bid/103023?item=12325663&section=auction,https://s3.amazonaws.com/bwpaperclip-production/item_images/assets/054/986/563/web_small/RackMultipart20230621-4081-mljyb7?1687371624,"06/23/2023, 12:10:30",4.0,11.99,"Open Box, Used"
"#65 • VICTOR'S Super Neat Looking Door Over Hanging Organizer,Behind The Door Storage Organizer with Door Hook and Large Clear Windows, Hanging Wall File Organizer (1 Pack B-Beige)",https://bid.onlineliquidationauction.com/bid/103023?item=12325666&section=auction,https://s3.amazonaws.com/bwpaperclip-production/item_images/assets/054/946/722/web_small/RackMultipart20230620-8411-18m01wd?1687300822,"06/23/2023, 12:10:30",7.0,21.99,New
"#69 • Dezin Electric Hot Pot, 2L Non-Stick Sauté Pan, Rapid Noodles Cooker, Mini Pot for Steak, Egg, Fried Rice, Ramen, Oatmeal, Soup with Power Adjustment, College Dorm Room Essential(Egg Rack Included)",https://bid.onlineliquidationauction.com/bid/103023?item=12325670&section=auction,https://s3.amazonaws.com/bwpaperclip-production/item_images/assets/054/946/730/web_small/RackMultipart20230620-9391-1mmgt0i?1687300828,"06/23/2023, 12:11:30",5.0,35.99,"Open Box, Used"
"#73 • UTK Replacement Cover Bag for Far Infrared Heating Pad Medium Size&Medium Pro Size&Medium T-Pro Size(21\"" x 31\"").100% Polyester Fiber",https://bid.onlineliquidationauction.com/bid/103023?item=12325674&section=auction,https://s3.amazonaws.com/bwpaperclip-production/item_images/assets/054/946/738/web_small/RackMultipart20230620-14955-w8rnyj?1687300834,"06/23/2023, 12:12:30",1.0,24.99,"Open Box, Good"
"#84 • Hanes Alive 2-pair Full Support Sheer Knee Highs, Size:1SIZE Color:Barely Black",https://bid.onlineliquidationauction.com/bid/103023?item=12325685&section=auction,https://s3.amazonaws.com/bwpaperclip-production/item_images/assets/054/946/777/web_small/RackMultipart20230620-4221-1ebt907?1687300852,"06/23/2023, 12:13:30",3.0,9.07,"Open Box, Like New"
"#88 • LVTXIII Outdoor Chair Cushions Set of 4, Patio Seat Cushions D16” x W17” x H2 with Ties for Patio Furniture Chairs Home Garden Decoration, Pebble Blue",https://bid.onlineliquidationauction.com/bid/103023?item=12325691&section=auction,https://s3.amazonaws.com/bwpaperclip-production/item_images/assets/054/946/794/web_small/RackMultipart20230620-4112-grnh4m?1687300860,"06/23/2023, 12:14:30",14.0,68.98,New
#91 • Dream On Me Lightweight Mesh Security Adjustable Bed Rail for Toddler with Breathable Mesh Fabric in Blue,https://bid.onlineliquidationauction.com/bid/103023?item=12325694&section=auction,https://s3.amazonaws.com/bwpaperclip-production/item_images/assets/054/946/807/web_small/RackMultipart20230620-4070-1suguoi?1687300865,"06/23/2023, 12:15:30",1.0,23.98,"Open box, like new"
"#95 • Jag Jeans Women's Ainsley Pull on 8"" Short size 0",https://bid.onlineliquidationauction.com/bid/103023?item=12325698&section=auction,https://s3.amazonaws.com/bwpaperclip-production/item_images/assets/054/946/815/web_small/RackMultipart20230620-14955-1fr7yg7?1687300872,"06/23/2023, 12:15:30",1.0,47.37,"Open Box, Like New"
"#99 • INFINITIPRO BY CONAIR Tourmaline 1 1/2-Inch Ceramic Curling Iron, 1 ½ inch barrel produces soft waves – for use on medium and long hair",https://bid.onlineliquidationauction.com/bid/103023?item=12325702&section=auction,https://s3.amazonaws.com/bwpaperclip-production/item_images/assets/054/946/826/web_small/RackMultipart20230620-4145-1drvx3b?1687300878,"06/23/2023, 12:16:30",1.0,22.58,"Open Box, Good"
"#103 • CHUN YI 3 Piece Corner Sofa Slipcover Sectional Couch Covers L Shaped Sofa Slip Cover Suitable for Chaise Lounge, Checks Spandex Jacquard Fabric (Ivory White)",https://bid.onlineliquidationauction.com/bid/103023?item=12325706&section=auction,https://s3.amazonaws.com/bwpaperclip-production/item_images/assets/054/946/838/web_small/RackMultipart20230620-4025-1yncras?1687300885,"06/23/2023, 12:17:30",3.0,119.99,"Open Box, Like New"
"#106 • Baby Bottle Sterilizer, Bottle Steam Sterilizer for Baby Bottles Pacifiers Breast Pumps Large Capacity and 99.99% Cleaned in 8 Mins",https://bid.onlineliquidationauction.com/bid/103023?item=12325709&section=auction,https://s3.amazonaws.com/bwpaperclip-production/item_images/assets/054/946/845/web_small/RackMultipart20230620-4145-9xiyb6?1687300890,"06/23/2023, 12:17:30",7.0,59.99,"Open Box, Good"
"#110 • Forbena Floating Shelves Bathroom Shelves Over Toilet Set of 2, Decorative Wall Shelves for Bathroom with Gold Towel Bar, Modern Storage Shelves for Kids Room Bedroom Nursery Book Decor (White)",https://bid.onlineliquidationauction.com/bid/103023?item=12325713&section=auction,https://s3.amazonaws.com/bwpaperclip-production/item_images/assets/054/946/858/web_small/RackMultipart20230620-30498-czwyes?1687300897,"06/23/2023, 12:18:30",3.0,24.97,"Open box, like new"
"#114 • VCROMTY 2022 New Large Capacity Travel Cosmetic Bag, Travelling Makeup Bag, PU Leather Waterproof Portable Cosmetic Bag with Handle and Divider, Travel Toiletry Bag (Blue)",https://bid.onlineliquidationauction.com/bid/103023?item=12325718&section=auction,https://s3.amazonaws.com/bwpaperclip-production/item_images/assets/054/946/869/web_small/RackMultipart20230620-27359-11w0z7f?1687300904,"06/23/2023, 12:18:30",5.0,18.98,New
#118 • Womens High Waisted Swimsuits Tankini Flounce Top Bikini Bottom Tummy Control Modest Swimwear Two Piece Bathing Suits Turquoise XL,https://bid.onlineliquidationauction.com/bid/103023?item=12325722&section=auction,https://s3.amazonaws.com/bwpaperclip-production/item_images/assets/054/946/880/web_small/RackMultipart20230620-4163-1amq2xs?1687300910,"06/23/2023, 12:19:30",9.0,34.99,"Open Box, Like New"
"#121 • Amazon Basics Dual Brew Single Serve Capsule Coffee Maker, 14 oz, Black and SS",https://bid.onlineliquidationauction.com/bid/103023?item=12325725&section=auction,https://s3.amazonaws.com/bwpaperclip-production/item_images/assets/054/946/886/web_small/RackMultipart20230620-4112-nmxkg2?1687300915,"06/23/2023, 12:20:30",2.0,56.04,"Open Box, Used"
"#125 • Motherhood Maternity Women's Maternity Side Ruched Waist Knit Pajama Pant, Black, 2X",https://bid.onlineliquidationauction.com/bid/103023?item=12325729&section=auction,https://s3.amazonaws.com/bwpaperclip-production/item_images/assets/054/946/903/web_small/RackMultipart20230620-1573-5edq19?1687300923,"06/23/2023, 12:20:30",1.0,25.0,New
"#129 • KELIXU Dog Stairs for Cars and SUV Large Dog Steps, Foldable Pet Stairs for High Beds, Trucks, Foldable Lightweight Aluminum 5 Steps Dog Ramp with Non-Slip Surface Support 180 LBS",https://bid.onlineliquidationauction.com/bid/103023?item=12325733&section=auction,https://s3.amazonaws.com/bwpaperclip-production/item_images/assets/054/946/923/web_small/RackMultipart20230620-14231-t5sg4o?1687300930,"06/23/2023, 12:21:30",12.0,84.99,"Open Box, Like New"
"#132 • Utopia Bedding Quilted Fitted Premium Mattress Pad Queen Size Grey, Pillow Top Mattress Topper, Elastic Fitted Fluffy Mattress Protector Mattress Cover Stretches up to 16 Inches Deep, Machine Washable",https://bid.onlineliquidationauction.com/bid/103023?item=12325736&section=auction,https://s3.amazonaws.com/bwpaperclip-production/item_images/assets/054/946/934/web_small/RackMultipart20230620-4112-148oa14?1687300935,"06/23/2023, 12:21:30",5.0,22.99,"Open Box, Like New"
#136 • Wavyvigs Long Blonde Wavy Wigs for White Women Fluffy Soft Loose Curly Ash Blonde Curly Wig Natural Chic Dark Messy Root Synthetic Ombre Long Blonde Wig No Lace,https://bid.onlineliquidationauction.com/bid/103023?item=12325740&section=auction,https://s3.amazonaws.com/bwpaperclip-production/item_images/assets/054/946/944/web_small/RackMultipart20230620-23467-137e2qv?1687300941,"06/23/2023, 12:22:30",1.0,27.99,"Open box, like new"
"#140 • Lefree store Rock Tumbler Kit for Adults Kids, Professional Rock Polisher with 3LB Leak Proof Rubber Barrel, Includes 1 LB Rough Rocks,4 Rock Tumbler Grits etc,STEM Gift for Kids",https://bid.onlineliquidationauction.com/bid/103023?item=12325744&section=auction,https://s3.amazonaws.com/bwpaperclip-production/item_images/assets/054/946/959/web_small/RackMultipart20230620-31262-1mgg4zp?1687300949,"06/23/2023, 12:23:30",18.0,79.98,"Open box, like new"
"#144 • Frigidaire WF3CB Puresource3 Refrigerator Water Filter , White, 1 Count (Pack of 1)",https://bid.onlineliquidationauction.com/bid/103023?item=12325749&section=auction,https://s3.amazonaws.com/bwpaperclip-production/item_images/assets/054/946/968/web_small/RackMultipart20230620-4071-52ws7o?1687300956,"06/23/2023, 12:23:30",2.0,49.0,"Open Box, Used"
"#145 • Shepherd Hardware 8758E Leg Tips 1/2-Inch Inside Diameter Rubber Chair Leg Caps, Black, 24 Count (Pack of 1)",https://bid.onlineliquidationauction.com/bid/103023?item=12325750&section=auction,https://s3.amazonaws.com/bwpaperclip-production/item_images/assets/054/946/971/web_small/RackMultipart20230620-9703-1uwudkn?1687300958,"06/23/2023, 12:24:30",1.0,18.71,"Open Box, Like New"
"#149 • DJI RC Motion 2 - Immersive Smart Controller, Multidirectional Operation, Multifunctional and Intuitive Drone Accessory for FPV, Multi-Model Compatibility",https://bid.onlineliquidationauction.com/bid/103023?item=12325754&section=auction,https://s3.amazonaws.com/bwpaperclip-production/item_images/assets/054/946/982/web_small/RackMultipart20230620-4112-ikzyw6?1687300965,"06/23/2023, 12:24:30",35.0,239.0,"Open box, like new"
"#153 • AooeDomi 15.3 Inch Magnetic Drawing Board For Toddlers & Kids 3-8 Years, Large Doodle Board With Magnetic Pen And Colourful Beads, Magnetic Dot Art, Travel Toys For 3 4 5 6 7 8 Year Old Boys Girls",https://bid.onlineliquidationauction.com/bid/103023?item=12325758&section=auction,https://s3.amazonaws.com/bwpaperclip-production/item_images/assets/054/946/996/web_small/RackMultipart20230620-4061-13ly9tz?1687300971,"06/23/2023, 12:25:30",2.0,23.99,"Open Box, Good"
"#156 • Pillow Perfect Outdoor/Indoor Flower Mania Petunia Chair Pads, 15.5” x 16”, Pink 2 Count",https://bid.onlineliquidationauction.com/bid/103023?item=12325761&section=auction,https://s3.amazonaws.com/bwpaperclip-production/item_images/assets/054/947/014/web_small/RackMultipart20230620-4221-7h200c?1687300984,"06/23/2023, 12:25:30",5.0,49.99,"Open Box, Good"
"#160 • Laundry Basket by COMFY-HOMI Large Basket 18\""X16\"" Tall Woven Cotton rope Basket with Handles Decorative Basket for Blankets Round Storage Basket for living room,Clothes,Pillows,Towels",https://bid.onlineliquidationauction.com/bid/103023?item=12325765&section=auction,https://s3.amazonaws.com/bwpaperclip-production/item_images/assets/054/947/032/web_small/RackMultipart20230620-11429-w13hu7?1687300991,"06/23/2023, 12:26:30",17.0,29.99,"Open Box, Like New"
"#164 • arena Aquaforce Wave Wrinkle Free Unisex Racing Silicone Swim Cap for Women and Men Competitive Swimming or Training Swim Gear, Black, Medium",https://bid.onlineliquidationauction.com/bid/103023?item=12325769&section=auction,https://s3.amazonaws.com/bwpaperclip-production/item_images/assets/054/947/044/web_small/RackMultipart20230620-27415-1t0xi8v?1687300997,"06/23/2023, 12:27:30",1.0,44.97,"Open box, like new"
#168 • VALDIVIAN Homenovo Lighting 6-Light Farmhouse Bathroom Vanity Light Fixture,https://bid.onlineliquidationauction.com/bid/103023?item=12325774&section=auction,https://s3.amazonaws.com/bwpaperclip-production/item_images/assets/054/947/052/web_small/RackMultipart20230620-3044-1cyhmlh?1687301005,"06/23/2023, 12:27:30",3.0,60.0,New
#171 • Vepose Boy's Girl's 18 Combat Ankle Boots Brown Big Kids Waterproof Work Boots with Side Zipper Size 4(CTX818 Brown 04),https://bid.onlineliquidationauction.com/bid/103023?item=12325777&section=auction,https://s3.amazonaws.com/bwpaperclip-production/item_images/assets/054/947/058/web_small/RackMultipart20230620-4025-fjcv4z?1687301010,"06/23/2023, 12:28:30",1.0,39.88,"Open box, good"
"#175 • Mirella Girls Soft Mesh Cap Sleeve Dance Leotard, Black, 14",https://bid.onlineliquidationauction.com/bid/103023?item=12325781&section=auction,https://s3.amazonaws.com/bwpaperclip-production/item_images/assets/054/947/069/web_small/RackMultipart20230620-4061-k50j49?1687301018,"06/23/2023, 12:29:30",1.0,27.9,"Open Box, Like New"
"#179 • MOCW Tesla Model 3 Model Y Cabin Air Filter HEPA Replacement with Activated Carbon,Fit for Tesla Model 3 Model Y Accessories 2016-2023, 2 Pack",https://bid.onlineliquidationauction.com/bid/103023?item=12325785&section=auction,https://s3.amazonaws.com/bwpaperclip-production/item_images/assets/054/947/077/web_small/RackMultipart20230620-7619-y3hj5q?1687301024,"06/23/2023, 12:29:30",4.0,23.99,"Open Box, Like New"
"#182 • HRESSLBD Birthday Dresses Sexy hot Diamond Process Sexy Dress Party Club Night Dress, Rhinestone Dress for Women Sexy Gold, Women's Mesh Sheer Clubwear Dress (Apricot, 2XL)",https://bid.onlineliquidationauction.com/bid/103023?item=12325788&section=auction,https://s3.amazonaws.com/bwpaperclip-production/item_images/assets/054/947/083/web_small/RackMultipart20230620-4156-1f27ldd?1687301030,"06/23/2023, 12:30:30",10.0,29.99,"Open box, good"
"#186 • LEGO Minecraft The Abandoned Mine Building Toy, 21166 Zombie Cave with Slime, Steve & Spider Figures, Gift idea for Kids, Boys and Girls Age 7 Plus",https://bid.onlineliquidationauction.com/bid/103023?item=12325792&section=auction,https://s3.amazonaws.com/bwpaperclip-production/item_images/assets/054/947/094/web_small/RackMultipart20230620-7284-3cduba?1687301036,"06/23/2023, 12:30:30",10.0,16.19,"Open Box, Like New"
"#190 • TeamFar Stock Pot 4qt, Stainless Steel Stockpot Soup Pasta Pot with Lid, Double Heatproof Handles, Non Toxic & Healthy, Easy Clean & Dishwasher Safe",https://bid.onlineliquidationauction.com/bid/103023?item=12325797&section=auction,https://s3.amazonaws.com/bwpaperclip-production/item_images/assets/054/947/113/web_small/RackMultipart20230620-4022-1rp26g9?1687301042,"06/23/2023, 12:31:30",7.0,23.99,"Open Box, Like New"
"#194 • Bed Head Pixie 1/2\"" Straightener| Ideal for Short Hair, Bangs",https://bid.onlineliquidationauction.com/bid/103023?item=12325801&section=auction,https://s3.amazonaws.com/bwpaperclip-production/item_images/assets/054/947/123/web_small/RackMultipart20230620-3044-1cgrl8d?1687301049,"06/23/2023, 12:32:30",2.0,28.95,"Open Box, Used"
"#195 • Panasonic Electric Razor for Men, Cordless Wet Dry Lightweight Shaver with Ergonomic Grip, ES3831K, Black",https://bid.onlineliquidationauction.com/bid/103023?item=12325802&section=auction,https://s3.amazonaws.com/bwpaperclip-production/item_images/assets/054/947/125/web_small/RackMultipart20230620-4025-dt2gpa?1687301051,"06/23/2023, 12:32:30",1.0,29.95,"Open Box, Used"
"#199 • Folding Shelf Brackets 12 Inch, Heavy Duty Metal Collapsible Triangle Shelf Bracket, DIY Wall Mounted Shelf Bracket, Space Saving for Bench Table- 2 Packs",https://bid.onlineliquidationauction.com/bid/103023?item=12325806&section=auction,https://s3.amazonaws.com/bwpaperclip-production/item_images/assets/054/947/135/web_small/RackMultipart20230620-4088-1c4ve43?1687301058,"06/23/2023, 12:33:30",4.0,13.99,"Open box, like new"
"#203 • DONAMA Cervical Pillow for Neck Pain Relief,Contour Memory Foam Pillow,Ergonomic Orthopedic Neck Support Pillow for Side,Back and Stomach Sleepers with Breathable Pillowcase-Queen Size,Light Grey",https://bid.onlineliquidationauction.com/bid/103023?item=12325810&section=auction,https://s3.amazonaws.com/bwpaperclip-production/item_images/assets/054/947/143/web_small/RackMultipart20230620-8326-1lbsjg4?1687301064,"06/23/2023, 12:33:30",16.0,45.99,"Open box, like new"
"#206 • BOSHENG Mop and Bucket with Wringer Set, Flat Floor Mop and Bucket, with 3 Microfiber Mops for Floor Cleaning, Wet and Dry Use for Household Cleaning - White",https://bid.onlineliquidationauction.com/bid/103023?item=12325813&section=auction,https://s3.amazonaws.com/bwpaperclip-production/item_images/assets/054/947/150/web_small/RackMultipart20230620-30434-13czts8?1687301069,"06/23/2023, 12:34:30",20.0,39.99,"Open box, like new"
"#210 • Sharpty Kids Plastic Hangers, Children's Hangers for Baby, Toddler, and Child Clothes - Everyday Standard Use - Ideal for Boys and Girls Closet, Clothing, Pants, Coats, and More - White, 40 Pack",https://bid.onlineliquidationauction.com/bid/103023?item=12325817&section=auction,https://s3.amazonaws.com/bwpaperclip-production/item_images/assets/054/947/162/web_small/RackMultipart20230620-8529-1y8a1cp?1687301077,"06/23/2023, 12:34:30",9.0,19.96,"Open Box, Like New"
"#214 • Deer Stags mens Manager loafers shoes, Black, 10 US",https://bid.onlineliquidationauction.com/bid/103023?item=12325821&section=auction,https://s3.amazonaws.com/bwpaperclip-production/item_images/assets/054/947/171/web_small/RackMultipart20230620-4058-1ae9sgy?1687301083,"06/23/2023, 12:35:30",4.0,39.99,"Open Box, Like New"
"#218 • POHL SCHMITT Posture Corrector for Women and Men with Adjustable Back Straightener, Back Brace for Posture - Prevent and Relief Neck, Body Alignment Improvement & Support - Back & Shoulder Pain, Pink",https://bid.onlineliquidationauction.com/bid/103023?item=12325825&section=auction,https://s3.amazonaws.com/bwpaperclip-production/item_images/assets/054/947/181/web_small/RackMultipart20230620-31917-y41ppo?1687301089,"06/23/2023, 12:36:30",4.0,16.98,"Open Box, Like New"
"#221 • Merrell Men's Jungle MOC, Midnight, 11 Wide",https://bid.onlineliquidationauction.com/bid/103023?item=12325828&section=auction,https://s3.amazonaws.com/bwpaperclip-production/item_images/assets/054/947/187/web_small/RackMultipart20230620-26407-qr1dox?1687301093,"06/23/2023, 12:36:30",24.0,99.95,"Open Box, Like New"
#225 • Jiaduowang Kids Sneakers for Boys Girls Running Tennis Shoes Lightweight Breathable Sport Athletic 450 Fashionable Running Shoes (blue). Size 6.5,https://bid.onlineliquidationauction.com/bid/103023?item=12325832&section=auction,https://s3.amazonaws.com/bwpaperclip-production/item_images/assets/054/986/575/web_small/RackMultipart20230621-29044-5w0woa?1687371631,"06/23/2023, 12:37:30",2.0,38.99,New
"#230 • LVTXIII Patio Chair Cushions Set of 4 Waterproof Seat Cushions Outdoor Chair Pads with Ties, All Weather Chair Cushions for Home Office and Patio Garden Furniture Decoration D16”xW17”, Cube Blue",https://bid.onlineliquidationauction.com/bid/103023?item=12325836&section=auction,https://s3.amazonaws.com/bwpaperclip-production/item_images/assets/054/947/205/web_small/RackMultipart20230620-23388-1jgikkd?1687301107,"06/23/2023, 12:38:30",4.0,43.0,New
"#233 • ALLZONE Rustproof Shower Caddy Corner for Bathroom,Bathtub Storage Organizer for Shampoo Accessories,4-Tier Adjustable Shelves with Tension Pole, 56 to 114 Inch, White",https://bid.onlineliquidationauction.com/bid/103023?item=12325839&section=auction,https://s3.amazonaws.com/bwpaperclip-production/item_images/assets/054/947/211/web_small/RackMultipart20230620-11520-1vgrci0?1687301111,"06/23/2023, 12:38:30",9.0,49.99,"Open box, good"
"#238 • Riders by Lee Indigo Women's Ponte Knit Pant, Black, 6 Medium",https://bid.onlineliquidationauction.com/bid/103023?item=12325844&section=auction,https://s3.amazonaws.com/bwpaperclip-production/item_images/assets/054/947/223/web_small/RackMultipart20230620-16975-1cbha4?1687301119,"06/23/2023, 12:39:30",2.0,29.99,"Open box, good"
"#242 • Humidifiers for Bedroom, raydrop Cool Mist Humidifiers for Babies, 1.70L Quiet Ultrasonic Humidifier, Space-Saving, Filterless, Auto Shut Off - (0.45 Gallon, US 110V)",https://bid.onlineliquidationauction.com/bid/103023?item=12325848&section=auction,https://s3.amazonaws.com/bwpaperclip-production/item_images/assets/054/947/231/web_small/RackMultipart20230620-3317-yu40hh?1687301125,"06/23/2023, 12:40:30",3.0,23.99,"Open Box, Like New"
"#246 • Monkey & Mouse Baby Swing Seat, Secure Canvas and Wooden Hanging Swing Chair for Baby, Infant, Toddler, Kids Toys - Indoor and Temporary Outdoor Hammock for Indoor Playground, Tree Swings or Backyard",https://bid.onlineliquidationauction.com/bid/103023?item=12325852&section=auction,https://s3.amazonaws.com/bwpaperclip-production/item_images/assets/054/947/244/web_small/RackMultipart20230620-7619-1ir9hbu?1687301131,"06/23/2023, 12:40:30",9.0,49.11,"Open Box, Like New"
"#247 • Bemis 1500EC 346 1500EC-346, 1 Pack Elongated, Biscuit/Linen",https://bid.onlineliquidationauction.com/bid/103023?item=12325853&section=auction,https://s3.amazonaws.com/bwpaperclip-production/item_images/assets/054/947/246/web_small/RackMultipart20230620-3057-lowgt4?1687301134,"06/23/2023, 12:40:30",1.0,18.53,"Open box, like new"
#251 • Dorman 926-091 Front Driver Side Outer Seat Track Cover for Select Models,https://bid.onlineliquidationauction.com/bid/103023?item=12325857&section=auction,https://s3.amazonaws.com/bwpaperclip-production/item_images/assets/054/947/257/web_small/RackMultipart20230620-4113-o2mgu9?1687301141,"06/23/2023, 12:41:30",1.0,44.59,"Open Box, Like New"
"#255 • AquaOasis™ Cool Mist Humidifier (2.2L Water Tank) Quiet Ultrasonic Humidifiers for Bedroom & Large room - Adjustable -360 Rotation Nozzle, Auto-Shut Off, Humidifiers for Babies Nursery & Whole House",https://bid.onlineliquidationauction.com/bid/103023?item=12325861&section=auction,https://s3.amazonaws.com/bwpaperclip-production/item_images/assets/054/947/268/web_small/RackMultipart20230620-4116-y3wjzs?1687301151,"06/23/2023, 12:42:30",4.0,26.97,"Open Box, Like New"
"#258 • Barkbox Memory Foam Platform Dog Bed | Plush Mattress for Orthopedic Joint Relief (Medium, Espresso)",https://bid.onlineliquidationauction.com/bid/103023?item=12325864&section=auction,https://s3.amazonaws.com/bwpaperclip-production/item_images/assets/054/947/276/web_small/RackMultipart20230620-29833-cw549d?1687301157,"06/23/2023, 12:42:30",8.0,33.99,"Open Box, Like New"
#262 • Keds Double Decker Canvas Slip On Sneaker Women Black size 8,https://bid.onlineliquidationauction.com/bid/103023?item=12325868&section=auction,https://s3.amazonaws.com/bwpaperclip-production/item_images/assets/054/947/288/web_small/RackMultipart20230620-4112-gxfbnq?1687301165,"06/23/2023, 12:43:30",16.0,54.95,"Open Box, Good"
"#268 • WLIVE Fabric Dresser for Bedroom, Tall Dresser with 8 Drawers, Storage Tower with Fabric Bins, Double Chest of Drawers for Kid's Room, Closet, Playroom, Nursery, Dormitory, Light Grey",https://bid.onlineliquidationauction.com/bid/103023?item=12325874&section=auction,https://s3.amazonaws.com/bwpaperclip-production/item_images/assets/054/947/302/web_small/RackMultipart20230620-30498-1ucrny7?1687301176,"06/23/2023, 12:44:30",10.0,65.98,"Open Box, Like New"
#271 • Scott Professional Essential 100% Recycled Fiber Bulk Toilet Paper for Business White KCC13217,https://bid.onlineliquidationauction.com/bid/103023?item=12325877&section=auction,https://s3.amazonaws.com/bwpaperclip-production/item_images/assets/054/947/310/web_small/RackMultipart20230620-4070-w8glo5?1687301180,"06/23/2023, 12:44:30",35.0,49.93,"Open Box, Like New"
"#275 • SwissGear Sion Softside Expandable Roller Luggage, Dark Grey, Checked-Large 29-Inch",https://bid.onlineliquidationauction.com/bid/103023?item=12325881&section=auction,https://s3.amazonaws.com/bwpaperclip-production/item_images/assets/054/947/319/web_small/RackMultipart20230620-1573-m9armx?1687301186,"06/23/2023, 12:45:30",1.0,139.99,"Open Box, Used"
